<?xml version="1.0" encoding="UTF-8"?>
<metadata><idinfo><citation><citeinfo><origin>City of Atlanta, Bureau of Planning, GIS Division</origin><title>Zoning Districts (Base)</title><geoform>vector digital data</geoform><onlink>http://gis.atlantaga.gov/wmsconnector/com.esri.wms.Esrimap?Request=GetMap&amp;Version=1.1.1&amp;Format=image/png&amp;ServiceName=Master&amp;SRS=EPSG:2240&amp;BBOX=2222000,1366000,2226000,1370000&amp;WIDTH=500&amp;HEIGHT=500&amp;Layers=zoning_boundary</onlink></citeinfo></citation><descript><abstract>This dataset represents base zoning districts of Atlanta, Georgia.  Zoning is the primary method by which the City regulates land use in order to promote the public welfare.  Each zoning district has its own set of permitted land uses as defined in the City of Atlanta Zoning Ordinance (Part 16 of the Code of Ordinances).  The base zoning districts are designated as "base" because they do not include the representation of related mechanisms of regulated land use that apply to certain parts of the City and that are defined in the Zoning Ordinance: overlay zoning districts, special use permits, special administrative permits, variances, landmark buildings and sites, and historic buildings and sites.</abstract><purpose>The base zoning districts data set is a major element of the official zoning map of the City and is used in a variety of computer applications to help City staff determine the allowed uses of a property for purposes such as issuing building permits and reviewing proposed land subdivision.</purpose></descript><timeperd><timeinfo><sngdate><caldate>2010-02-01</caldate></sngdate></timeinfo><current>ground condition</current></timeperd><status><progress>Complete</progress><update>As needed</update></status><spdom><bounding><westbc>-84.485711</westbc><eastbc>-84.348955</eastbc><northbc>33.856918</northbc><southbc>33.721293</southbc></bounding></spdom><keywords><theme><themekt>Atlanta GIS Catalog</themekt><themekey>zoning</themekey><themekey>overlay zoning</themekey><themekey>overlay zoning district</themekey></theme><theme><themekt>ISO 19115 Topic Category</themekt><themekey>planningCadastre, 015</themekey><themekey>[see ISO 19115 Topic Category List]</themekey></theme><place><placekt>Geographic Names Information System</placekt><placekey>atlanta</placekey><placekey>fulton</placekey><placekey>georgia</placekey></place></keywords><accconst>None</accconst><useconst>None, but user liability statement should be read and understood.</useconst><ptcontac><cntinfo><cntorgp><cntorg>City of Atlanta, Bureau of Planning, GIS Division</cntorg><cntper>Chuck Shultz</cntper></cntorgp><cntaddr><addrtype>mailing and physical address</addrtype><address>55 Trinity Ave SW</address><city>Atlanta</city><state>Georgia</state><postal>30303</postal><country>USA</country></cntaddr><cntvoice>404-330-6621</cntvoice><cntemail>cshultz@atlantaga.gov</cntemail></cntinfo></ptcontac><native>Microsoft Windows XP Version 5.1 (Build 2600) Service Pack 2; ESRI ArcCatalog 9.1.0.722</native></idinfo><dataqual><lineage><procstep><procdesc>Metadata imported.</procdesc><srcused>J:\docs\metadata\vector.xml</srcused></procstep><procstep><procdesc>Metadata imported.</procdesc><srcused>\\Ditgis02\enterprise_gis\docs\metadata\vector.xml</srcused></procstep><procstep><procdesc>Dataset moved.</procdesc><srcused>\\Ditgis02\enterprise_gis\egis_repository\planning\zoning</srcused><date>20061120</date><time>13373500</time></procstep><procstep><procdesc>Dataset copied.</procdesc><date>20070227</date><time>12541600</time></procstep><procstep><procdesc>Dataset copied.</procdesc><srcused>\\DPCD-1SLTX81\C$\Documents and Settings\Cshultz\My Documents\GIS\zoning mapping\Zoning_layers.gdb</srcused><date>20071130</date><time>11092800</time></procstep><procstep><procdesc>Dataset copied.</procdesc><srcused>\\Ditgis02\Enterprise_GIS\egis_work\dpcd\projects\planning\zoning\zoning edit space\Official_Zoning_Layers.gdb</srcused><date>20080201</date><time>14224400</time></procstep><procstep><procdesc>Metadata imported.</procdesc><srcused>J:\egis_repository\planning\zoning.shp.xml</srcused><date>20080519</date><time>16351400</time></procstep></lineage></dataqual><spdoinfo><direct>Vector</direct><ptvctinf><esriterm Name="GIS.PLAN_ZONING_BASE_ST"><efeatyp Sync="TRUE">Simple</efeatyp><efeageom code="4" Sync="TRUE"/><esritopo Sync="TRUE">FALSE</esritopo><efeacnt Sync="TRUE">2798</efeacnt><spindex Sync="TRUE">TRUE</spindex><linrefer Sync="TRUE">FALSE</linrefer></esriterm></ptvctinf></spdoinfo><spref><horizsys><planar><planci><plance>coordinate pair</plance><coordrep><absres>0.00001</absres><ordres>0.00001</ordres></coordrep><plandu>feet</plandu></planci></planar><geodetic><horizdn>North American Datum of 1983</horizdn><ellips>Geodetic Reference System 80</ellips><semiaxis>6378137</semiaxis><denflat>298.26</denflat></geodetic></horizsys><vertdef><altsys><altenc>Explicit elevation coordinate included with horizontal coordinates</altenc><altres>1.000000</altres></altsys></vertdef></spref><eainfo><detailed Name="GIS.PLAN_ZONING_BASE_ST"><enttyp><enttypl>zoning</enttypl><enttypt Sync="TRUE">Feature Class</enttypt><enttypc Sync="TRUE">2798</enttypc></enttyp><attr><attrlabl>Shape</attrlabl><attrdef>Feature geometry.</attrdef><attrdefs>ESRI</attrdefs><attrdomv><udom>Coordinates defining the features.</udom></attrdomv><attalias Sync="TRUE">ID</attalias><attrtype Sync="TRUE">Integer</attrtype><attwidth Sync="TRUE">4</attwidth><atprecis Sync="TRUE">10</atprecis><attscale Sync="TRUE">0</attscale></attr><attr><attrlabl>ID</attrlabl><attrdef>Identifier (0).</attrdef><attrdefs>ESRI</attrdefs><attrdomv><udom>Sequential unique whole numbers that are automatically generated.</udom></attrdomv><attalias Sync="TRUE">OBJECTID</attalias><attrtype Sync="TRUE">OID</attrtype><attwidth Sync="TRUE">4</attwidth><atprecis Sync="TRUE">10</atprecis><attscale Sync="TRUE">0</attscale></attr><attr><attrlabl>OBJECTID</attrlabl><attrdef>Internal feature number.</attrdef><attrdefs>ESRI</attrdefs><attrdomv><udom>Sequential unique whole numbers that are automatically generated.</udom></attrdomv><attalias Sync="TRUE">SPI</attalias><attrtype Sync="TRUE">String</attrtype><attwidth Sync="TRUE">16</attwidth><atprecis Sync="TRUE">0</atprecis><attscale Sync="TRUE">0</attscale></attr><attr><attrlabl>SPI</attrlabl><attalias Sync="TRUE">TSA</attalias><attrtype Sync="TRUE">String</attrtype><attwidth Sync="TRUE">16</attwidth><atprecis Sync="TRUE">0</atprecis><attscale Sync="TRUE">0</attscale></attr><attr><attrlabl>TSA</attrlabl><attalias Sync="TRUE">ACRES</attalias><attrtype Sync="TRUE">Double</attrtype><attwidth Sync="TRUE">8</attwidth><atprecis Sync="TRUE">38</atprecis><attscale Sync="TRUE">8</attscale></attr><attr><attrlabl>ACRES</attrlabl><attalias Sync="TRUE">ZONING</attalias><attrtype Sync="TRUE">String</attrtype><attwidth Sync="TRUE">20</attwidth><atprecis Sync="TRUE">0</atprecis><attscale Sync="TRUE">0</attscale></attr><attr><attrlabl>ZONING</attrlabl><attalias Sync="TRUE">SUBAREA</attalias><attrtype Sync="TRUE">String</attrtype><attwidth Sync="TRUE">16</attwidth><atprecis Sync="TRUE">0</atprecis><attscale Sync="TRUE">0</attscale></attr><attr><attrlabl>SUBAREA</attrlabl><attrdef>Feature geometry.</attrdef><attrdefs>ESRI</attrdefs><attrdomv><udom>Coordinates defining the features.</udom></attrdomv><attalias Sync="TRUE">SHAPE.LEN</attalias><attrtype Sync="TRUE">Double</attrtype><attwidth Sync="TRUE">0</attwidth><atprecis Sync="TRUE">0</atprecis><attscale Sync="TRUE">0</attscale></attr><subtype><stname Sync="TRUE">New Subtype</stname><stcode Sync="TRUE">0</stcode><stfield><stfldnm Sync="TRUE">STATUS</stfldnm><stflddd><domname Sync="TRUE">ZoningLayerStatus</domname><domdesc Sync="TRUE">Status of features in Zoning layer</domdesc><domtype Sync="TRUE">Coded Value</domtype><mrgtype Sync="TRUE">Default value</mrgtype><splttype Sync="TRUE">Default value</splttype><domowner Sync="TRUE">GIS</domowner><domfldtp Sync="TRUE">String</domfldtp></stflddd></stfield></subtype><attr><attrlabl>SHAPE.LEN</attrlabl><attalias Sync="TRUE">CREATEDBY</attalias><attrtype Sync="TRUE">String</attrtype><attwidth Sync="TRUE">255</attwidth><atprecis Sync="TRUE">0</atprecis><attscale Sync="TRUE">0</attscale></attr><attr><attrlabl Sync="TRUE">CREATEDBY</attrlabl><attalias Sync="TRUE">STATUS</attalias><attrtype Sync="TRUE">String</attrtype><attwidth Sync="TRUE">255</attwidth><atprecis Sync="TRUE">0</atprecis><attscale Sync="TRUE">0</attscale></attr><attr><attrlabl Sync="TRUE">STATUS</attrlabl><attalias Sync="TRUE">CASEIN</attalias><attrtype Sync="TRUE">String</attrtype><attwidth Sync="TRUE">50</attwidth><atprecis Sync="TRUE">0</atprecis><attscale Sync="TRUE">0</attscale></attr><attr><attrlabl Sync="TRUE">CASEIN</attrlabl><attalias Sync="TRUE">CASEOUT</attalias><attrtype Sync="TRUE">String</attrtype><attwidth Sync="TRUE">50</attwidth><atprecis Sync="TRUE">0</atprecis><attscale Sync="TRUE">0</attscale></attr><attr><attrlabl Sync="TRUE">CASEOUT</attrlabl><attalias Sync="TRUE">SUNRISE</attalias><attrtype Sync="TRUE">Date</attrtype><attwidth Sync="TRUE">8</attwidth><atprecis Sync="TRUE">0</atprecis><attscale Sync="TRUE">0</attscale></attr><attr><attrlabl Sync="TRUE">SUNRISE</attrlabl><attalias Sync="TRUE">SUNSET</attalias><attrtype Sync="TRUE">Date</attrtype><attwidth Sync="TRUE">8</attwidth><atprecis Sync="TRUE">0</atprecis><attscale Sync="TRUE">0</attscale></attr><attr><attrlabl Sync="TRUE">SUNSET</attrlabl><attalias Sync="TRUE">SHAPE</attalias><attrtype Sync="TRUE">Geometry</attrtype><attwidth Sync="TRUE">4</attwidth><atprecis Sync="TRUE">0</atprecis><attscale Sync="TRUE">0</attscale><attrdef Sync="TRUE">Feature geometry.</attrdef><attrdefs Sync="TRUE">Esri</attrdefs><attrdomv><udom Sync="TRUE">Coordinates defining the features.</udom></attrdomv></attr><attr><attrlabl Sync="TRUE">GLOBALID</attrlabl><attalias Sync="TRUE">GLOBALID</attalias><attrtype Sync="TRUE">GlobalID</attrtype><attwidth Sync="TRUE">38</attwidth><atprecis Sync="TRUE">0</atprecis><attscale Sync="TRUE">0</attscale></attr><attr><attrlabl>SHAPE</attrlabl><attrdef>Feature geometry.</attrdef><attrdefs>ESRI</attrdefs><attrdomv><udom>Coordinates defining the features.</udom></attrdomv><attalias Sync="TRUE">SHAPE.AREA</attalias><attrtype Sync="TRUE">Double</attrtype><attwidth Sync="TRUE">0</attwidth><atprecis Sync="TRUE">0</atprecis><attscale Sync="TRUE">0</attscale></attr><attr><attrlabl>SHAPE.AREA</attrlabl><attalias Sync="TRUE">Creation Date</attalias><attrtype Sync="TRUE">Date</attrtype><attwidth Sync="TRUE">8</attwidth><atprecis Sync="TRUE">0</atprecis><attscale Sync="TRUE">0</attscale></attr></detailed></eainfo><metainfo><metd>20061018</metd><metc><cntinfo><cntorgp><cntorg>City of Atlanta, Bureau of Planning, GIS Division</cntorg><cntper>Steve Williams</cntper></cntorgp><cntpos>GIS Manager</cntpos><cntaddr><addrtype>mailing and physical address</addrtype><address>55 Trinity Ave SW</address><city>Atlanta</city><state>Georgia</state><postal>30303</postal><country>USA</country></cntaddr><cntvoice>404-330-6637</cntvoice><cntemail>stewilliams@atlantaga.gov</cntemail></cntinfo></metc><metstdn>FGDC Content Standards for Digital Geospatial Metadata</metstdn><metstdv>FGDC-STD-001-1998</metstdv><mettc>local time</mettc></metainfo><distInfo><distributor><distorTran><onLineSrc><linkage>Server=ditgisdb01.atlanta.local; Service=5157; User=CSHULTZ; Version=SDE.DEFAULT</linkage><protocol>ArcSDE Connection</protocol><orDesc>002</orDesc></onLineSrc><transSize>0.923</transSize></distorTran><distorFormat><formatName>SDE Feature Class</formatName></distorFormat></distributor><distFormat><formatName Sync="TRUE">SDE Feature Class</formatName></distFormat></distInfo><dataIdInfo><envirDesc>Microsoft Windows XP Version 5.1 (Build 2600) Service Pack 3; ESRI ArcCatalog 9.3.1.3000</envirDesc><dataLang><languageCode value="en"/><countryCode value="USA" Sync="TRUE"/></dataLang><idCitation><resTitle>Zoning Districts</resTitle><presForm><PresFormCd value="005"/></presForm></idCitation><dataExt><geoEle><GeoBndBox esriExtentType="native"><westBL>2179771.226667</westBL><eastBL>2259210.484455</eastBL><northBL>1413969.252742</northBL><southBL>1327017.241607</southBL><exTypeCode>1</exTypeCode></GeoBndBox></geoEle></dataExt><geoBox esriExtentType="decdegrees"><westBL>-84.551585</westBL><eastBL>-84.289477</eastBL><northBL>33.887009</northBL><southBL>33.647509</southBL><exTypeCode>1</exTypeCode></geoBox><spatRpType><SpatRepTypCd value="001"/></spatRpType><dataExt><geoEle xmlns=""><GeoBndBox esriExtentType="search"><exTypeCode Sync="TRUE">1</exTypeCode><westBL Sync="TRUE">-84.551585</westBL><eastBL Sync="TRUE">-84.289477</eastBL><northBL Sync="TRUE">33.887009</northBL><southBL Sync="TRUE">33.647509</southBL></GeoBndBox></geoEle></dataExt><idPurp>Zoning districts in the City of Atlanta</idPurp><searchKeys><keyword>zoning</keyword><keyword>districts</keyword></searchKeys><idAbs>&lt;DIV STYLE="text-align:Left;"&gt;&lt;DIV&gt;&lt;P&gt;&lt;SPAN&gt;Current and Historic Zoning districts in the City of Atlanta&lt;/SPAN&gt;&lt;/P&gt;&lt;/DIV&gt;&lt;/DIV&gt;</idAbs></dataIdInfo><mdLang><languageCode value="en"/><countryCode value="USA" Sync="TRUE"/></mdLang><mdStanName>ISO 19115 Geographic Information - Metadata</mdStanName><mdStanVer>DIS_ESRI1.0</mdStanVer><mdChar><CharSetCd value="004"/></mdChar><mdHrLv><ScopeCd value="005"/></mdHrLv><mdHrLvName>dataset</mdHrLvName><refSysInfo><RefSystem><refSysID><identCode>NAD_1983_StatePlane_Georgia_West_FIPS_1002_Feet</identCode><idCodeSpace Sync="TRUE">EPSG</idCodeSpace><idVersion Sync="TRUE">5.3(9.0.0)</idVersion></refSysID></RefSystem></refSysInfo><spatRepInfo><VectSpatRep><geometObjs Name="GIS.PLAN_ZONING_BASE_ST"><geoObjTyp><GeoObjTypCd value="002" Sync="TRUE"/></geoObjTyp><geoObjCnt Sync="TRUE">2798</geoObjCnt></geometObjs><topLvl><TopoLevCd value="001" Sync="TRUE"/></topLvl></VectSpatRep></spatRepInfo><mdDateSt>20100212</mdDateSt><Esri><DataProperties><itemProps><itemName Sync="TRUE">GIS.PLAN_ZONING_BASE_ST</itemName><imsContentType Sync="TRUE">002</imsContentType><nativeExtBox><westBL Sync="TRUE">2179771.226667</westBL><eastBL Sync="TRUE">2259210.484455</eastBL><southBL Sync="TRUE">1327017.241607</southBL><northBL Sync="TRUE">1413969.252742</northBL><exTypeCode Sync="TRUE">1</exTypeCode></nativeExtBox><itemLocation><linkage Sync="TRUE">Server=sde; Service=sde:oracle$sde:oracle11g:gf01e; User=gis; Version=SDE.DEFAULT</linkage><protocol Sync="TRUE">ArcSDE Connection</protocol></itemLocation></itemProps><coordRef><type Sync="TRUE">Projected</type><geogcsn Sync="TRUE">GCS_North_American_1983</geogcsn><csUnits Sync="TRUE">Linear Unit: Foot_US (0.304801)</csUnits><projcsn Sync="TRUE">NAD_1983_StatePlane_Georgia_West_FIPS_1002_Feet</projcsn><peXml Sync="TRUE">&lt;ProjectedCoordinateSystem xsi:type='typens:ProjectedCoordinateSystem' xmlns:xsi='http://www.w3.org/2001/XMLSchema-instance' xmlns:xs='http://www.w3.org/2001/XMLSchema' xmlns:typens='http://www.esri.com/schemas/ArcGIS/10.4'&gt;&lt;WKT&gt;PROJCS[&amp;quot;NAD_1983_StatePlane_Georgia_West_FIPS_1002_Feet&amp;quot;,GEOGCS[&amp;quot;GCS_North_American_1983&amp;quot;,DATUM[&amp;quot;D_North_American_1983&amp;quot;,SPHEROID[&amp;quot;GRS_1980&amp;quot;,6378137.0,298.257222101]],PRIMEM[&amp;quot;Greenwich&amp;quot;,0.0],UNIT[&amp;quot;Degree&amp;quot;,0.0174532925199433]],PROJECTION[&amp;quot;Transverse_Mercator&amp;quot;],PARAMETER[&amp;quot;False_Easting&amp;quot;,2296583.333333333],PARAMETER[&amp;quot;False_Northing&amp;quot;,0.0],PARAMETER[&amp;quot;Central_Meridian&amp;quot;,-84.16666666666667],PARAMETER[&amp;quot;Scale_Factor&amp;quot;,0.9999],PARAMETER[&amp;quot;Latitude_Of_Origin&amp;quot;,30.0],UNIT[&amp;quot;Foot_US&amp;quot;,0.3048006096012192],AUTHORITY[&amp;quot;EPSG&amp;quot;,2240]]&lt;/WKT&gt;&lt;XOrigin&gt;-16150100&lt;/XOrigin&gt;&lt;YOrigin&gt;-43703500&lt;/YOrigin&gt;&lt;XYScale&gt;3048.0060960121905&lt;/XYScale&gt;&lt;ZOrigin&gt;0&lt;/ZOrigin&gt;&lt;ZScale&gt;1&lt;/ZScale&gt;&lt;MOrigin&gt;0&lt;/MOrigin&gt;&lt;MScale&gt;1&lt;/MScale&gt;&lt;XYTolerance&gt;0.00328083333333333&lt;/XYTolerance&gt;&lt;ZTolerance&gt;0.001&lt;/ZTolerance&gt;&lt;MTolerance&gt;0.001&lt;/MTolerance&gt;&lt;HighPrecision&gt;true&lt;/HighPrecision&gt;&lt;WKID&gt;102667&lt;/WKID&gt;&lt;LatestWKID&gt;2240&lt;/LatestWKID&gt;&lt;/ProjectedCoordinateSystem&gt;</peXml></coordRef><lineage><Process ToolSource="c:\program files (x86)\arcgis\desktop10.1\ArcToolbox\Toolboxes\Data Management Tools.tbx\CalculateField" Date="20160614" Time="152120" Name="" export="">CalculateField GIS.PLAN_ZONING_BASE_Edit STATUS "Historic" VB #</Process><Process ToolSource="c:\program files (x86)\arcgis\desktop10.1\ArcToolbox\Toolboxes\Data Management Tools.tbx\CalculateField" Date="20160616" Time="104627" Name="" export="">CalculateField GIS.PLAN_ZONING_BASE_Edit STATUS "History" VB #</Process><Process ToolSource="c:\program files (x86)\arcgis\desktop10.1\ArcToolbox\Toolboxes\Data Management Tools.tbx\CalculateField" Date="20160616" Time="104752" Name="" export="">CalculateField GIS.PLAN_ZONING_BASE_Edit STATUS "Historic" VB #</Process><Process ToolSource="c:\program files (x86)\arcgis\desktop10.1\ArcToolbox\Toolboxes\Data Management Tools.tbx\CalculateField" Date="20160616" Time="104828" Name="" export="">CalculateField GIS.PLAN_ZONING_BASE_Edit STATUS "Historic" VB #</Process><Process ToolSource="c:\program files (x86)\arcgis\desktop10.1\ArcToolbox\Toolboxes\Data Management Tools.tbx\CalculateField" Date="20160616" Time="111825" Name="" export="">CalculateField GIS.PLAN_ZONING_BASE_Edit STATUS "Historic" VB #</Process><Process ToolSource="c:\program files (x86)\arcgis\desktop10.1\ArcToolbox\Toolboxes\Data Management Tools.tbx\CalculateField" Date="20160718" Time="105902" Name="" export="">CalculateField GIS.PLAN_ZONING_BASE_Edit STATUS "Historic" VB #</Process><Process ToolSource="c:\program files (x86)\arcgis\desktop10.1\ArcToolbox\Toolboxes\Data Management Tools.tbx\CalculateField" Date="20160718" Time="111034" Name="" export="">CalculateField GIS.PLAN_ZONING_BASE_Edit STATUS "Historic" VB #</Process><Process ToolSource="c:\program files (x86)\arcgis\desktop10.1\ArcToolbox\Toolboxes\Data Management Tools.tbx\CalculateField" Date="20160720" Time="095313" Name="" export="">CalculateField GIS.PLAN_ZONING_BASE_Edit STATUS "Historic" VB #</Process><Process ToolSource="c:\program files (x86)\arcgis\desktop10.1\ArcToolbox\Toolboxes\Data Management Tools.tbx\CalculateField" Date="20160720" Time="102159" Name="" export="">CalculateField GIS.PLAN_ZONING_BASE_Edit STATUS "Historic" VB #</Process><Process ToolSource="c:\program files (x86)\arcgis\desktop10.1\ArcToolbox\Toolboxes\Data Management Tools.tbx\CalculateField" Date="20160720" Time="102351" Name="" export="">CalculateField GIS.PLAN_ZONING_BASE_Edit STATUS "Historic" VB #</Process><Process ToolSource="c:\program files (x86)\arcgis\desktop10.1\ArcToolbox\Toolboxes\Data Management Tools.tbx\CalculateField" Date="20160720" Time="105003" Name="" export="">CalculateField GIS.PLAN_ZONING_BASE_Edit STATUS "Historic" VB #</Process><Process ToolSource="c:\program files (x86)\arcgis\desktop10.1\ArcToolbox\Toolboxes\Data Management Tools.tbx\CalculateField" Date="20160720" Time="152910" Name="" export="">CalculateField GIS.PLAN_ZONING_BASE_Edit STATUS "Historic" VB #</Process><Process ToolSource="c:\program files (x86)\arcgis\desktop10.1\ArcToolbox\Toolboxes\Data Management Tools.tbx\CalculateField" Date="20160819" Time="112203" Name="" export="">CalculateField GIS.PLAN_ZONING_BASE_Edit STATUS "Historic" VB #</Process><Process ToolSource="c:\program files (x86)\arcgis\desktop10.1\ArcToolbox\Toolboxes\Data Management Tools.tbx\CalculateField" Date="20160819" Time="141301" Name="" export="">CalculateField GIS.PLAN_ZONING_BASE_Edit STATUS "Historic"
 VB #</Process><Process ToolSource="c:\program files (x86)\arcgis\desktop10.1\ArcToolbox\Toolboxes\Data Management Tools.tbx\CalculateField" Date="20160822" Time="114106" Name="" export="">CalculateField GIS.PLAN_ZONING_BASE_Edit STATUS "Historic" VB #</Process><Process ToolSource="c:\program files (x86)\arcgis\desktop10.1\ArcToolbox\Toolboxes\Data Management Tools.tbx\CalculateField" Date="20160822" Time="151915" Name="" export="">CalculateField GIS.PLAN_ZONING_BASE_Edit STATUS "Historic" VB #</Process><Process ToolSource="c:\program files (x86)\arcgis\desktop10.4\ArcToolbox\Toolboxes\Data Management Tools.tbx\CalculateField" Date="20161027" Time="130726" Name="" export="">CalculateField GIS.PLAN_ZONING_BASE_Edit STATUS "Historic" VB #</Process><Process ToolSource="c:\program files (x86)\arcgis\desktop10.4\ArcToolbox\Toolboxes\Data Management Tools.tbx\CalculateField" Date="20161109" Time="141048" Name="" export="">CalculateField GIS.PLAN_ZONING_BASE_C STATUS "Historic" VB #</Process><Process ToolSource="c:\program files (x86)\arcgis\desktop10.4\ArcToolbox\Toolboxes\Data Management Tools.tbx\CalculateField" Date="20161109" Time="141355" Name="" export="">CalculateField GIS.PLAN_ZONING_BASE_Edit ORDHYPERLINK "http://citycouncil.atlantaga.gov/2016/images/adopted/1017/16O1334.pdf" VB #</Process><Process ToolSource="c:\program files (x86)\arcgis\desktop10.4\ArcToolbox\Toolboxes\Data Management Tools.tbx\CalculateField" Date="20161109" Time="143223" Name="" export="">CalculateField GIS.PLAN_ZONING_BASE_Edit STATUS "Historic" VB #</Process><Process ToolSource="c:\program files (x86)\arcgis\desktop10.4\ArcToolbox\Toolboxes\Data Management Tools.tbx\CalculateField" Date="20161109" Time="143724" Name="" export="">CalculateField GIS.PLAN_ZONING_BASE_Edit ORDINANCE "16-O-1470" VB #</Process><Process ToolSource="c:\program files (x86)\arcgis\desktop10.4\ArcToolbox\Toolboxes\Data Management Tools.tbx\CalculateField" Date="20161109" Time="143801" Name="" export="">CalculateField GIS.PLAN_ZONING_BASE_Edit ORDHYPERLINK "http://citycouncil.atlantaga.gov/2016/images/adopted/1003/16O1470.pdf" VB #</Process><Process ToolSource="c:\program files (x86)\arcgis\desktop10.4\ArcToolbox\Toolboxes\Data Management Tools.tbx\CalculateField" Date="20161115" Time="101311" Name="" export="">CalculateField GIS.PLAN_ZONING_BASE_Edit STATUS "Historic" VB #</Process><Process ToolSource="c:\program files (x86)\arcgis\desktop10.4\ArcToolbox\Toolboxes\Data Management Tools.tbx\CalculateField" Date="20161115" Time="101622" Name="" export="">CalculateField GIS.PLAN_ZONING_BASE_Edit ORDHYPERLINK "http://citycouncil.atlantaga.gov/2016/images/adopted/1017/16O1334.pdf" VB #</Process><Process ToolSource="c:\program files (x86)\arcgis\desktop10.4\ArcToolbox\Toolboxes\Data Management Tools.tbx\CalculateField" Date="20161207" Time="130447" Name="" export="">CalculateField GIS.PLAN_ZONING_BASE_Edit STATUS "COMPLETE" VB #</Process><Process ToolSource="c:\program files (x86)\arcgis\desktop10.4\ArcToolbox\Toolboxes\Data Management Tools.tbx\CalculateField" Date="20161228" Time="113446" Name="" export="">CalculateField GIS.PLAN_ZONING_BASE_Edit STATUS "Historic" VB #</Process><Process ToolSource="c:\program files (x86)\arcgis\desktop10.4\ArcToolbox\Toolboxes\Data Management Tools.tbx\CalculateField" Date="20161228" Time="113815" Name="" export="">CalculateField GIS.PLAN_ZONING_BASE_Edit STATUS "Historic" VB #</Process><Process ToolSource="c:\program files (x86)\arcgis\desktop10.4\ArcToolbox\Toolboxes\Data Management Tools.tbx\CalculateField" Date="20161228" Time="113930" Name="" export="">CalculateField GIS.PLAN_ZONING_BASE_Edit STATUS "Historic" VB #</Process><Process ToolSource="c:\program files (x86)\arcgis\desktop10.4\ArcToolbox\Toolboxes\Data Management Tools.tbx\CalculateField" Date="20161228" Time="140904" Name="" export="">CalculateField GIS.PLAN_ZONING_BASE_Edit STATUS "Historic" VB #</Process><Process ToolSource="c:\program files (x86)\arcgis\desktop10.4\ArcToolbox\Toolboxes\Data Management Tools.tbx\CalculateField" Date="20161228" Time="142653" Name="" export="">CalculateField GIS.PLAN_ZONING_BASE_Edit STATUS "Historic" VB #</Process><Process ToolSource="c:\program files (x86)\arcgis\desktop10.4\ArcToolbox\Toolboxes\Data Management Tools.tbx\CalculateField" Date="20161228" Time="143320" Name="" export="">CalculateField GIS.PLAN_ZONING_BASE_Edit STATUS "Historic" VB #</Process><Process ToolSource="c:\program files (x86)\arcgis\desktop10.4\ArcToolbox\Toolboxes\Data Management Tools.tbx\CalculateField" Date="20161228" Time="153144" Name="" export="">CalculateField GIS.PLAN_ZONING_BASE_Edit STATUS "Historic" VB #</Process><Process ToolSource="c:\program files (x86)\arcgis\desktop10.4\ArcToolbox\Toolboxes\Data Management Tools.tbx\CalculateField" Date="20161228" Time="153329" Name="" export="">CalculateField GIS.PLAN_ZONING_BASE_Edit STATUS "Historic" VB #</Process><Process ToolSource="c:\program files (x86)\arcgis\desktop10.4\ArcToolbox\Toolboxes\Data Management Tools.tbx\CalculateField" Date="20161228" Time="153425" Name="" export="">CalculateField GIS.PLAN_ZONING_BASE_Edit STATUS "Historic" VB #</Process><Process ToolSource="c:\program files (x86)\arcgis\desktop10.4\ArcToolbox\Toolboxes\Data Management Tools.tbx\CalculateField" Date="20170103" Time="115529" Name="" export="">CalculateField GIS.PLAN_ZONING_BASE_Edit STATUS "Historic" VB #</Process><Process ToolSource="c:\program files (x86)\arcgis\desktop10.4\ArcToolbox\Toolboxes\Data Management Tools.tbx\CalculateField" Date="20170103" Time="120103" Name="" export="">CalculateField GIS.PLAN_ZONING_BASE_Edit STATUS "Historic" VB #</Process><Process ToolSource="c:\program files (x86)\arcgis\desktop10.4\ArcToolbox\Toolboxes\Data Management Tools.tbx\CalculateField" Date="20170103" Time="142522" Name="" export="">CalculateField GIS.PLAN_ZONING_BASE_Edit STATUS "Historic" VB #</Process><Process ToolSource="c:\program files (x86)\arcgis\desktop10.4\ArcToolbox\Toolboxes\Data Management Tools.tbx\CalculateField" Date="20170103" Time="145252" Name="" export="">CalculateField GIS.PLAN_ZONING_BASE_Edit STATUS "Historic" VB #</Process><Process ToolSource="c:\program files (x86)\arcgis\desktop10.4\ArcToolbox\Toolboxes\Data Management Tools.tbx\CalculateField" Date="20170103" Time="145525" Name="" export="">CalculateField GIS.PLAN_ZONING_BASE_Edit STATUS "Historic" VB #</Process><Process ToolSource="c:\program files (x86)\arcgis\desktop10.4\ArcToolbox\Toolboxes\Data Management Tools.tbx\CalculateField" Date="20170104" Time="094254" Name="" export="">CalculateField GIS.PLAN_ZONING_BASE_Edit STATUS "Historc" VB #</Process><Process ToolSource="c:\program files (x86)\arcgis\desktop10.4\ArcToolbox\Toolboxes\Data Management Tools.tbx\CalculateField" Date="20170104" Time="113952" Name="" export="">CalculateField GIS.PLAN_ZONING_BASE_Edit STATUS "Historic" VB #</Process><Process ToolSource="c:\program files (x86)\arcgis\desktop10.4\ArcToolbox\Toolboxes\Data Management Tools.tbx\CalculateField" Date="20170104" Time="114220" Name="" export="">CalculateField GIS.PLAN_ZONING_BASE_Edit STATUS "Historic" VB #</Process><Process ToolSource="c:\program files (x86)\arcgis\desktop10.4\ArcToolbox\Toolboxes\Data Management Tools.tbx\CalculateField" Date="20170104" Time="114325" Name="" export="">CalculateField GIS.PLAN_ZONING_BASE_Edit STATUS "Historic" VB #</Process><Process ToolSource="c:\program files (x86)\arcgis\desktop10.4\ArcToolbox\Toolboxes\Data Management Tools.tbx\CalculateField" Date="20170104" Time="153810" Name="" export="">CalculateField GIS.PLAN_ZONING_BASE_Edit STATUS "Historic" VB #</Process><Process ToolSource="c:\program files (x86)\arcgis\desktop10.4\ArcToolbox\Toolboxes\Data Management Tools.tbx\CalculateField" Date="20170104" Time="153927" Name="" export="">CalculateField GIS.PLAN_ZONING_BASE_Edit STATUS "Historic" VB #</Process><Process ToolSource="c:\program files (x86)\arcgis\desktop10.4\ArcToolbox\Toolboxes\Data Management Tools.tbx\CalculateField" Date="20170104" Time="154335" Name="" export="">CalculateField GIS.PLAN_ZONING_BASE_Edit STATUS "Historic" VB #</Process><Process ToolSource="c:\program files (x86)\arcgis\desktop10.4\ArcToolbox\Toolboxes\Data Management Tools.tbx\CalculateField" Date="20170104" Time="154959" Name="" export="">CalculateField GIS.PLAN_ZONING_BASE_Edit STATUS "Historic" VB #</Process><Process ToolSource="c:\program files (x86)\arcgis\desktop10.4\ArcToolbox\Toolboxes\Data Management Tools.tbx\CalculateField" Date="20170105" Time="094236" Name="" export="">CalculateField GIS.PLAN_ZONING_BASE_Edit STATUS "History" VB #</Process><Process ToolSource="c:\program files (x86)\arcgis\desktop10.4\ArcToolbox\Toolboxes\Data Management Tools.tbx\CalculateField" Date="20170105" Time="094402" Name="" export="">CalculateField GIS.PLAN_ZONING_BASE_Edit STATUS "Historic" VB #</Process><Process ToolSource="c:\program files (x86)\arcgis\desktop10.4\ArcToolbox\Toolboxes\Data Management Tools.tbx\CalculateField" Date="20170105" Time="104014" Name="" export="">CalculateField GIS.PLAN_ZONING_BASE_Edit STATUS "Historic" VB #</Process><Process ToolSource="c:\program files (x86)\arcgis\desktop10.4\ArcToolbox\Toolboxes\Data Management Tools.tbx\CalculateField" Date="20170105" Time="104447" Name="" export="">CalculateField GIS.PLAN_ZONING_BASE_Edit STATUS "Historic" VB #</Process><Process ToolSource="c:\program files (x86)\arcgis\desktop10.4\ArcToolbox\Toolboxes\Data Management Tools.tbx\CalculateField" Date="20170105" Time="110804" Name="" export="">CalculateField GIS.PLAN_ZONING_BASE_Edit STATUS "Historic" VB #</Process><Process ToolSource="c:\program files (x86)\arcgis\desktop10.4\ArcToolbox\Toolboxes\Data Management Tools.tbx\CalculateField" Date="20170111" Time="101235" Name="" export="">CalculateField GIS.PLAN_ZONING_BASE_Edit STATUS "Historic" VB #</Process><Process ToolSource="c:\program files (x86)\arcgis\desktop10.4\ArcToolbox\Toolboxes\Data Management Tools.tbx\CalculateField" Date="20170111" Time="101416" Name="" export="">CalculateField GIS.PLAN_ZONING_BASE_Edit STATUS "Historic" VB #</Process><Process ToolSource="c:\program files (x86)\arcgis\desktop10.4\ArcToolbox\Toolboxes\Data Management Tools.tbx\CalculateField" Date="20170117" Time="143431" Name="" export="">CalculateField GIS.PLAN_ZONING_BASE_Edit STATUS "Historic" VB #</Process><Process ToolSource="c:\program files (x86)\arcgis\desktop10.4\ArcToolbox\Toolboxes\Data Management Tools.tbx\CalculateField" Date="20170117" Time="143810" Name="" export="">CalculateField GIS.PLAN_ZONING_BASE_Edit STATUS "Historic" VB #</Process><Process ToolSource="c:\program files (x86)\arcgis\desktop10.4\ArcToolbox\Toolboxes\Data Management Tools.tbx\CalculateField" Date="20170123" Time="100919" Name="" export="">CalculateField GIS.PLAN_ZONING_BASE_Edit STATUS "Historic" VB #</Process><Process ToolSource="c:\program files (x86)\arcgis\desktop10.4\ArcToolbox\Toolboxes\Data Management Tools.tbx\CalculateField" Date="20170123" Time="101022" Name="" export="">CalculateField GIS.PLAN_ZONING_BASE_Edit STATUS "Historic" VB #</Process><Process ToolSource="c:\program files (x86)\arcgis\desktop10.4\ArcToolbox\Toolboxes\Data Management Tools.tbx\CalculateField" Date="20170220" Time="105006">CalculateField GIS.PLAN_ZONING_BASE_Edit STATUS "Historic" VB #</Process><Process ToolSource="c:\program files (x86)\arcgis\desktop10.4\ArcToolbox\Toolboxes\Data Management Tools.tbx\CalculateField" Date="20170220" Time="112835">CalculateField GIS.PLAN_ZONING_BASE_Edit STATUS "Historic" VB #</Process><Process ToolSource="c:\program files (x86)\arcgis\desktop10.4\ArcToolbox\Toolboxes\Data Management Tools.tbx\CalculateField" Date="20170220" Time="121543">CalculateField GIS.PLAN_ZONING_BASE_Edit STATUS "Historic" VB #</Process><Process ToolSource="c:\program files (x86)\arcgis\desktop10.4\ArcToolbox\Toolboxes\Data Management Tools.tbx\CalculateField" Date="20170220" Time="140812">CalculateField GIS.PLAN_ZONING_BASE_Edit STATUS "Historic" VB #</Process><Process ToolSource="c:\program files (x86)\arcgis\desktop10.4\ArcToolbox\Toolboxes\Data Management Tools.tbx\CalculateField" Date="20170221" Time="102648">CalculateField GIS.PLAN_ZONING_BASE_Edit STATUS "Historic" VB #</Process><Process ToolSource="c:\program files (x86)\arcgis\desktop10.4\ArcToolbox\Toolboxes\Data Management Tools.tbx\CalculateField" Date="20170221" Time="103119">CalculateField GIS.PLAN_ZONING_BASE_Edit STATUS "Historic" VB #</Process><Process ToolSource="c:\program files (x86)\arcgis\desktop10.4\ArcToolbox\Toolboxes\Data Management Tools.tbx\CalculateField" Date="20170221" Time="103849">CalculateField GIS.PLAN_ZONING_BASE_Edit STATUS "Historic" VB #</Process><Process ToolSource="c:\program files (x86)\arcgis\desktop10.4\ArcToolbox\Toolboxes\Data Management Tools.tbx\CalculateField" Date="20170221" Time="104027">CalculateField GIS.PLAN_ZONING_BASE_Edit STATUS "Historic" VB #</Process><Process ToolSource="c:\program files (x86)\arcgis\desktop10.4\ArcToolbox\Toolboxes\Data Management Tools.tbx\CalculateField" Date="20170223" Time="142534">CalculateField GIS.PLAN_ZONING_BASE_Edit STATUS "Historic" VB #</Process><Process ToolSource="c:\program files (x86)\arcgis\desktop10.4\ArcToolbox\Toolboxes\Data Management Tools.tbx\CalculateField" Date="20170223" Time="143228">CalculateField GIS.PLAN_ZONING_BASE_Edit STATUS "Historic" VB #</Process><Process ToolSource="c:\program files (x86)\arcgis\desktop10.4\ArcToolbox\Toolboxes\Data Management Tools.tbx\CalculateField" Date="20170223" Time="143349">CalculateField GIS.PLAN_ZONING_BASE_Edit STATUS "Historic" VB #</Process><Process ToolSource="c:\program files (x86)\arcgis\desktop10.4\ArcToolbox\Toolboxes\Data Management Tools.tbx\CalculateField" Date="20170223" Time="145416">CalculateField GIS.PLAN_ZONING_BASE_Edit STATUS "Historic" VB #</Process><Process ToolSource="c:\program files (x86)\arcgis\desktop10.4\ArcToolbox\Toolboxes\Data Management Tools.tbx\CalculateField" Date="20170223" Time="150602">CalculateField GIS.PLAN_ZONING_BASE_Edit STATUS "Historic" VB #</Process><Process ToolSource="c:\program files (x86)\arcgis\desktop10.4\ArcToolbox\Toolboxes\Data Management Tools.tbx\CalculateField" Date="20170224" Time="102105">CalculateField GIS.PLAN_ZONING_BASE_Edit STATUS "Historic" VB #</Process><Process ToolSource="c:\program files (x86)\arcgis\desktop10.4\ArcToolbox\Toolboxes\Data Management Tools.tbx\CalculateField" Date="20170413" Time="100202">CalculateField GIS.PLAN_ZONING_BASE_Edit STATUS "Historic" VB #</Process><Process ToolSource="c:\program files (x86)\arcgis\desktop10.4\ArcToolbox\Toolboxes\Data Management Tools.tbx\CalculateField" Date="20170413" Time="102642">CalculateField GIS.PLAN_ZONING_BASE_Edit STATUS "Historic" VB #</Process><Process ToolSource="c:\program files (x86)\arcgis\desktop10.4\ArcToolbox\Toolboxes\Data Management Tools.tbx\CalculateField" Date="20170413" Time="135728">CalculateField GIS.PLAN_ZONING_BASE_Edit STATUS "Historic" VB #</Process><Process ToolSource="c:\program files (x86)\arcgis\desktop10.4\ArcToolbox\Toolboxes\Data Management Tools.tbx\CalculateField" Date="20170413" Time="135934">CalculateField GIS.PLAN_ZONING_BASE_Edit STATUS "Historic" VB #</Process><Process ToolSource="c:\program files (x86)\arcgis\desktop10.4\ArcToolbox\Toolboxes\Data Management Tools.tbx\CalculateField" Date="20170413" Time="142728">CalculateField GIS.PLAN_ZONING_BASE_Edit STATUS "Historic" VB #</Process><Process ToolSource="c:\program files (x86)\arcgis\desktop10.4\ArcToolbox\Toolboxes\Data Management Tools.tbx\CalculateField" Date="20170424" Time="100228">CalculateField GIS.PLAN_ZONING_BASE_Edit STATUS "Historic" VB #</Process><Process ToolSource="c:\program files (x86)\arcgis\desktop10.4\ArcToolbox\Toolboxes\Data Management Tools.tbx\CalculateField" Date="20170424" Time="100835">CalculateField GIS.PLAN_ZONING_BASE_Edit STATUS "Historic" VB #</Process><Process ToolSource="c:\program files (x86)\arcgis\desktop10.4\ArcToolbox\Toolboxes\Data Management Tools.tbx\CalculateField" Date="20170424" Time="101135">CalculateField GIS.PLAN_ZONING_BASE_Edit STATUS "Historic" VB #</Process><Process ToolSource="c:\program files (x86)\arcgis\desktop10.4\ArcToolbox\Toolboxes\Data Management Tools.tbx\CalculateField" Date="20170508" Time="151857">CalculateField GIS.PLAN_ZONING_BASE_Edit STATUS "Historic" VB #</Process><Process ToolSource="c:\program files (x86)\arcgis\desktop10.4\ArcToolbox\Toolboxes\Data Management Tools.tbx\CalculateField" Date="20170509" Time="133940">CalculateField GIS.PLAN_ZONING_BASE_Edit STATUS "Historic" VB #</Process><Process ToolSource="c:\program files (x86)\arcgis\desktop10.4\ArcToolbox\Toolboxes\Data Management Tools.tbx\CalculateField" Date="20170510" Time="102847">CalculateField GIS.PLAN_ZONING_BASE_Edit STATUS "Historic" VB #</Process><Process ToolSource="c:\program files (x86)\arcgis\desktop10.4\ArcToolbox\Toolboxes\Data Management Tools.tbx\CalculateField" Date="20170510" Time="103338">CalculateField GIS.PLAN_ZONING_BASE_Edit STATUS "Historic" VB #</Process><Process ToolSource="c:\program files (x86)\arcgis\desktop10.4\ArcToolbox\Toolboxes\Data Management Tools.tbx\CalculateField" Date="20170510" Time="103744">CalculateField GIS.PLAN_ZONING_BASE_Edit STATUS "Historic" VB #</Process><Process ToolSource="c:\program files (x86)\arcgis\desktop10.4\ArcToolbox\Toolboxes\Data Management Tools.tbx\CalculateField" Date="20170510" Time="104237">CalculateField GIS.PLAN_ZONING_BASE_Edit STATUS "Historic" VB #</Process><Process ToolSource="c:\program files (x86)\arcgis\desktop10.4\ArcToolbox\Toolboxes\Data Management Tools.tbx\CalculateField" Date="20170510" Time="105141">CalculateField GIS.PLAN_ZONING_BASE_Edit STATUS "Historic" VB #</Process><Process ToolSource="c:\program files (x86)\arcgis\desktop10.4\ArcToolbox\Toolboxes\Data Management Tools.tbx\CalculateField" Date="20170510" Time="105653">CalculateField GIS.PLAN_ZONING_BASE_Edit STATUS "Historic" VB #</Process><Process ToolSource="c:\program files (x86)\arcgis\desktop10.4\ArcToolbox\Toolboxes\Data Management Tools.tbx\CalculateField" Date="20170510" Time="110432">CalculateField GIS.PLAN_ZONING_BASE_Edit STATUS "Historic" VB #</Process><Process ToolSource="c:\program files (x86)\arcgis\desktop10.4\ArcToolbox\Toolboxes\Data Management Tools.tbx\CalculateField" Date="20170510" Time="111439">CalculateField GIS.PLAN_ZONING_BASE_Edit STATUS "Historic" VB #</Process><Process ToolSource="c:\program files (x86)\arcgis\desktop10.4\ArcToolbox\Toolboxes\Data Management Tools.tbx\CalculateField" Date="20170510" Time="111817">CalculateField GIS.PLAN_ZONING_BASE_Edit STATUS "Historic" VB #</Process><Process ToolSource="c:\program files (x86)\arcgis\desktop10.4\ArcToolbox\Toolboxes\Data Management Tools.tbx\CalculateField" Date="20170510" Time="112139">CalculateField GIS.PLAN_ZONING_BASE_Edit STATUS "Historic" VB #</Process><Process ToolSource="c:\program files (x86)\arcgis\desktop10.4\ArcToolbox\Toolboxes\Data Management Tools.tbx\CalculateField" Date="20170510" Time="112752">CalculateField GIS.PLAN_ZONING_BASE_Edit STATUS "Historic" VB #</Process><Process ToolSource="c:\program files (x86)\arcgis\desktop10.4\ArcToolbox\Toolboxes\Data Management Tools.tbx\CalculateField" Date="20170510" Time="112940">CalculateField GIS.PLAN_ZONING_BASE_Edit STATUS "Historic" VB #</Process><Process ToolSource="c:\program files (x86)\arcgis\desktop10.4\ArcToolbox\Toolboxes\Data Management Tools.tbx\CalculateField" Date="20170510" Time="113752">CalculateField GIS.PLAN_ZONING_BASE_Edit STATUS "Historic" VB #</Process><Process ToolSource="c:\program files (x86)\arcgis\desktop10.4\ArcToolbox\Toolboxes\Data Management Tools.tbx\CalculateField" Date="20170510" Time="114910">CalculateField GIS.PLAN_ZONING_BASE_Edit STATUS "Historic" VB #</Process><Process ToolSource="c:\program files (x86)\arcgis\desktop10.4\ArcToolbox\Toolboxes\Data Management Tools.tbx\CalculateField" Date="20170510" Time="120618">CalculateField GIS.PLAN_ZONING_BASE_Edit STATUS "Historic" VB #</Process><Process ToolSource="c:\program files (x86)\arcgis\desktop10.4\ArcToolbox\Toolboxes\Data Management Tools.tbx\CalculateField" Date="20170510" Time="121232">CalculateField GIS.PLAN_ZONING_BASE_Edit STATUS "Historic" VB #</Process><Process ToolSource="c:\program files (x86)\arcgis\desktop10.4\ArcToolbox\Toolboxes\Data Management Tools.tbx\CalculateField" Date="20170510" Time="123452">CalculateField GIS.PLAN_ZONING_BASE_Edit STATUS "Historic" VB #</Process><Process ToolSource="c:\program files (x86)\arcgis\desktop10.4\ArcToolbox\Toolboxes\Data Management Tools.tbx\CalculateField" Date="20170518" Time="092542">CalculateField GIS.PLAN_ZONING_BASE_Edit STATUS "Historic" VB #</Process><Process ToolSource="c:\program files (x86)\arcgis\desktop10.4\ArcToolbox\Toolboxes\Data Management Tools.tbx\CalculateField" Date="20170518" Time="101548">CalculateField GIS.PLAN_ZONING_BASE_Edit STATUS "Historic" VB #</Process><Process ToolSource="c:\program files (x86)\arcgis\desktop10.4\ArcToolbox\Toolboxes\Data Management Tools.tbx\CalculateField" Date="20170518" Time="125008">CalculateField GIS.PLAN_ZONING_BASE_Edit STATUS "Historic" VB #</Process><Process ToolSource="c:\program files (x86)\arcgis\desktop10.4\ArcToolbox\Toolboxes\Data Management Tools.tbx\CalculateField" Date="20170518" Time="125424">CalculateField GIS.PLAN_ZONING_BASE_Edit STATUS "Historic" VB #</Process><Process ToolSource="c:\program files (x86)\arcgis\desktop10.4\ArcToolbox\Toolboxes\Data Management Tools.tbx\CalculateField" Date="20170518" Time="125850">CalculateField GIS.PLAN_ZONING_BASE_Edit STATUS "Historic" VB #</Process><Process ToolSource="c:\program files (x86)\arcgis\desktop10.4\ArcToolbox\Toolboxes\Data Management Tools.tbx\CalculateField" Date="20170609" Time="113846">CalculateField GIS.PLAN_ZONING_BASE_Edit STATUS "Histoirc" VB #</Process><Process ToolSource="c:\program files (x86)\arcgis\desktop10.4\ArcToolbox\Toolboxes\Data Management Tools.tbx\CalculateField" Date="20170609" Time="114007">CalculateField GIS.PLAN_ZONING_BASE_Edit STATUS "Historic" VB #</Process><Process ToolSource="c:\program files (x86)\arcgis\desktop10.4\ArcToolbox\Toolboxes\Data Management Tools.tbx\CalculateField" Date="20170706" Time="095106">CalculateField GIS.PLAN_ZONING_BASE_Edit STATUS "Historic" VB #</Process><Process ToolSource="c:\program files (x86)\arcgis\desktop10.4\ArcToolbox\Toolboxes\Data Management Tools.tbx\CalculateField" Date="20170706" Time="095850">CalculateField GIS.PLAN_ZONING_BASE_Edit STATUS "Historic" VB #</Process><Process ToolSource="c:\program files (x86)\arcgis\desktop10.4\ArcToolbox\Toolboxes\Data Management Tools.tbx\CalculateField" Date="20170706" Time="101933">CalculateField GIS.PLAN_ZONING_BASE_Edit STATUS "Historic" VB #</Process><Process ToolSource="c:\program files (x86)\arcgis\desktop10.4\ArcToolbox\Toolboxes\Data Management Tools.tbx\CalculateField" Date="20170706" Time="120001">CalculateField GIS.PLAN_ZONING_BASE_Edit STATUS "Historic" VB #</Process><Process ToolSource="c:\program files (x86)\arcgis\desktop10.4\ArcToolbox\Toolboxes\Data Management Tools.tbx\CalculateField" Date="20170706" Time="120041">CalculateField GIS.PLAN_ZONING_BASE_Edit STATUS "Historic" VB #</Process><Process ToolSource="c:\program files (x86)\arcgis\desktop10.4\ArcToolbox\Toolboxes\Data Management Tools.tbx\CalculateField" Date="20170706" Time="152426">CalculateField GIS.PLAN_ZONING_BASE_Edit STATUS "Historic" VB #</Process><Process ToolSource="c:\program files (x86)\arcgis\desktop10.4\ArcToolbox\Toolboxes\Data Management Tools.tbx\CalculateField" Date="20170706" Time="153828">CalculateField GIS.PLAN_ZONING_BASE_Edit STATUS "Historic" VB #</Process><Process ToolSource="c:\program files (x86)\arcgis\desktop10.4\ArcToolbox\Toolboxes\Data Management Tools.tbx\CalculateField" Date="20170706" Time="155650">CalculateField GIS.PLAN_ZONING_BASE_Edit STATUS "Historic" VB #</Process><Process ToolSource="c:\program files (x86)\arcgis\desktop10.4\ArcToolbox\Toolboxes\Data Management Tools.tbx\CalculateField" Date="20170804" Time="113250">CalculateField GIS.PLAN_ZONING_BASE_Edit STATUS "Historic" VB #</Process><Process ToolSource="c:\program files (x86)\arcgis\desktop10.4\ArcToolbox\Toolboxes\Data Management Tools.tbx\CalculateField" Date="20170804" Time="141921">CalculateField GIS.PLAN_ZONING_BASE_Edit STATUS "Historic" VB #</Process><Process ToolSource="c:\program files (x86)\arcgis\desktop10.4\ArcToolbox\Toolboxes\Data Management Tools.tbx\CalculateField" Date="20170804" Time="145612">CalculateField GIS.PLAN_ZONING_BASE_Edit STATUS "Historic" VB #</Process><Process ToolSource="c:\program files (x86)\arcgis\desktop10.4\ArcToolbox\Toolboxes\Data Management Tools.tbx\CalculateField" Date="20170814" Time="110556">CalculateField GIS.PLAN_ZONING_BASE_Edit STATUS "Historic" VB #</Process><Process ToolSource="c:\program files (x86)\arcgis\desktop10.4\ArcToolbox\Toolboxes\Data Management Tools.tbx\CalculateField" Date="20171003" Time="094924">CalculateField GIS.PLAN_ZONING_BASE_Edit STATUS "Historic" VB #</Process><Process ToolSource="c:\program files (x86)\arcgis\desktop10.4\ArcToolbox\Toolboxes\Data Management Tools.tbx\CalculateField" Date="20171017" Time="114133">CalculateField GIS.PLAN_ZONING_BASE_Edit STATUS "Historic" VB #</Process><Process ToolSource="c:\program files (x86)\arcgis\desktop10.4\ArcToolbox\Toolboxes\Data Management Tools.tbx\CalculateField" Date="20171017" Time="114315">CalculateField GIS.PLAN_ZONING_BASE_Edit STATUS "Historic" VB #</Process><Process ToolSource="c:\program files (x86)\arcgis\desktop10.4\ArcToolbox\Toolboxes\Data Management Tools.tbx\CalculateField" Date="20171017" Time="144152">CalculateField GIS.PLAN_ZONING_BASE_Edit STATUS "Historic" VB #</Process><Process ToolSource="c:\program files (x86)\arcgis\desktop10.4\ArcToolbox\Toolboxes\Data Management Tools.tbx\CalculateField" Date="20171018" Time="125937">CalculateField GIS.PLAN_ZONING_BASE_Edit STATUS "Historic" VB #</Process><Process ToolSource="c:\program files (x86)\arcgis\desktop10.4\ArcToolbox\Toolboxes\Data Management Tools.tbx\CalculateField" Date="20171018" Time="145748">CalculateField GIS.PLAN_ZONING_BASE_Edit STATUS "Histoirc" VB #</Process><Process ToolSource="c:\program files (x86)\arcgis\desktop10.4\ArcToolbox\Toolboxes\Data Management Tools.tbx\CalculateField" Date="20171023" Time="120337">CalculateField GIS.PLAN_ZONING_BASE_Edit STATUS "Historic" VB #</Process><Process ToolSource="c:\program files (x86)\arcgis\desktop10.4\ArcToolbox\Toolboxes\Data Management Tools.tbx\CalculateField" Date="20171024" Time="102019">CalculateField GIS.PLAN_ZONING_BASE_Edit STATUS "Historic" VB #</Process><Process ToolSource="c:\program files (x86)\arcgis\desktop10.4\ArcToolbox\Toolboxes\Data Management Tools.tbx\CalculateField" Date="20171024" Time="104651">CalculateField GIS.PLAN_ZONING_BASE_Edit STATUS "Historic" VB #</Process><Process ToolSource="c:\program files (x86)\arcgis\desktop10.4\ArcToolbox\Toolboxes\Data Management Tools.tbx\CalculateField" Date="20171024" Time="120711">CalculateField GIS.PLAN_ZONING_BASE_Edit STATUS "Historic" VB #</Process><Process ToolSource="c:\program files (x86)\arcgis\desktop10.4\ArcToolbox\Toolboxes\Data Management Tools.tbx\CalculateField" Date="20171101" Time="134037">CalculateField GIS.PLAN_ZONING_BASE_Edit STATUS "Historic" VB #</Process><Process ToolSource="c:\program files (x86)\arcgis\desktop10.4\ArcToolbox\Toolboxes\Data Management Tools.tbx\CalculateField" Date="20171128" Time="104649">CalculateField GIS.PLAN_ZONING_BASE_Edit STATUS "Historic" VB #</Process><Process ToolSource="c:\program files (x86)\arcgis\desktop10.4\ArcToolbox\Toolboxes\Data Management Tools.tbx\CalculateField" Date="20171129" Time="085207">CalculateField GIS.PLAN_ZONING_BASE_Edit STATUS "Historic" VB #</Process><Process ToolSource="c:\program files (x86)\arcgis\desktop10.4\ArcToolbox\Toolboxes\Data Management Tools.tbx\CalculateField" Date="20171129" Time="133349">CalculateField GIS.PLAN_ZONING_BASE_Edit STATUS "Historic" VB #</Process><Process ToolSource="c:\program files (x86)\arcgis\desktop10.4\ArcToolbox\Toolboxes\Data Management Tools.tbx\CalculateField" Date="20171129" Time="144224">CalculateField GIS.PLAN_ZONING_BASE_Edit STATUS "Historic" VB #</Process><Process ToolSource="c:\program files (x86)\arcgis\desktop10.4\ArcToolbox\Toolboxes\Data Management Tools.tbx\CalculateField" Date="20171201" Time="111052">CalculateField GIS.PLAN_ZONING_BASE_Edit STATUS "Historic" VB #</Process><Process ToolSource="c:\program files (x86)\arcgis\desktop10.4\ArcToolbox\Toolboxes\Data Management Tools.tbx\CalculateField" Date="20171201" Time="115924">CalculateField GIS.PLAN_ZONING_BASE_Edit STATUS "Historic" VB #</Process><Process ToolSource="c:\program files (x86)\arcgis\desktop10.4\ArcToolbox\Toolboxes\Data Management Tools.tbx\CalculateField" Date="20180123" Time="145951">CalculateField GIS.PLAN_ZONING_BASE_Edit STATUS "Historic" VB #</Process><Process ToolSource="c:\program files (x86)\arcgis\desktop10.4\ArcToolbox\Toolboxes\Data Management Tools.tbx\CalculateField" Date="20180123" Time="153033">CalculateField GIS.PLAN_ZONING_BASE_Edit STATUS "Historic" VB #</Process><Process ToolSource="c:\program files (x86)\arcgis\desktop10.4\ArcToolbox\Toolboxes\Data Management Tools.tbx\CalculateField" Date="20180124" Time="093141">CalculateField GIS.PLAN_ZONING_BASE_Edit STATUS "Historic" VB #</Process><Process ToolSource="c:\program files (x86)\arcgis\desktop10.4\ArcToolbox\Toolboxes\Data Management Tools.tbx\CalculateField" Date="20180124" Time="093451">CalculateField GIS.PLAN_ZONING_BASE_Edit STATUS "Historic" VB #</Process><Process ToolSource="c:\program files (x86)\arcgis\desktop10.4\ArcToolbox\Toolboxes\Data Management Tools.tbx\CalculateField" Date="20180124" Time="100945">CalculateField GIS.PLAN_ZONING_BASE_Edit STATUS "Historic" VB #</Process><Process ToolSource="c:\program files (x86)\arcgis\desktop10.4\ArcToolbox\Toolboxes\Data Management Tools.tbx\CalculateField" Date="20180124" Time="103302">CalculateField GIS.PLAN_ZONING_BASE_Edit STATUS "Historic" VB #</Process><Process ToolSource="c:\program files (x86)\arcgis\desktop10.4\ArcToolbox\Toolboxes\Data Management Tools.tbx\CalculateField" Date="20180124" Time="104017">CalculateField GIS.PLAN_ZONING_BASE_Edit STATUS "Historic" VB #</Process><Process ToolSource="c:\program files (x86)\arcgis\desktop10.4\ArcToolbox\Toolboxes\Data Management Tools.tbx\CalculateField" Date="20180124" Time="111854">CalculateField GIS.PLAN_ZONING_BASE_Edit STATUS "Historic" VB #</Process><Process ToolSource="c:\program files (x86)\arcgis\desktop10.4\ArcToolbox\Toolboxes\Data Management Tools.tbx\CalculateField" Date="20180124" Time="112205">CalculateField GIS.PLAN_ZONING_BASE_Edit STATUS "Historic" VB #</Process><Process ToolSource="c:\program files (x86)\arcgis\desktop10.4\ArcToolbox\Toolboxes\Data Management Tools.tbx\CalculateField" Date="20180124" Time="124218">CalculateField GIS.PLAN_ZONING_BASE_Edit STATUS "Historic" VB #</Process><Process ToolSource="c:\program files (x86)\arcgis\desktop10.4\ArcToolbox\Toolboxes\Data Management Tools.tbx\CalculateField" Date="20180125" Time="142034">CalculateField GIS.PLAN_ZONING_BASE_Edit STATUS "Historic" VB #</Process><Process ToolSource="c:\program files (x86)\arcgis\desktop10.4\ArcToolbox\Toolboxes\Data Management Tools.tbx\CalculateField" Date="20180125" Time="143237">CalculateField GIS.PLAN_ZONING_BASE_Edit STATUS "Historic" VB #</Process><Process ToolSource="c:\program files (x86)\arcgis\desktop10.4\ArcToolbox\Toolboxes\Data Management Tools.tbx\CalculateField" Date="20180125" Time="155431">CalculateField GIS.PLAN_ZONING_BASE_Edit STATUS "Historic" VB #</Process><Process ToolSource="c:\program files (x86)\arcgis\desktop10.4\ArcToolbox\Toolboxes\Data Management Tools.tbx\CalculateField" Date="20180125" Time="160404">CalculateField GIS.PLAN_ZONING_BASE_Edit STATUS "Historic" VB #</Process><Process ToolSource="c:\program files (x86)\arcgis\desktop10.4\ArcToolbox\Toolboxes\Data Management Tools.tbx\CalculateField" Date="20180126" Time="151820">CalculateField GIS.PLAN_ZONING_BASE_Edit STATUS "Historic" VB #</Process><Process ToolSource="c:\program files (x86)\arcgis\desktop10.4\ArcToolbox\Toolboxes\Data Management Tools.tbx\CalculateField" Date="20180126" Time="152818">CalculateField GIS.PLAN_ZONING_BASE_Edit STATUS "Historic" VB #</Process><Process ToolSource="c:\program files (x86)\arcgis\desktop10.4\ArcToolbox\Toolboxes\Data Management Tools.tbx\CalculateField" Date="20180126" Time="155521">CalculateField GIS.PLAN_ZONING_BASE_Edit STATUS "Historic" VB #</Process><Process ToolSource="c:\program files (x86)\arcgis\desktop10.4\ArcToolbox\Toolboxes\Data Management Tools.tbx\CalculateField" Date="20180126" Time="155546">CalculateField GIS.PLAN_ZONING_BASE_Edit CASEOUT "Z-17-077" VB #</Process><Process ToolSource="c:\program files (x86)\arcgis\desktop10.4\ArcToolbox\Toolboxes\Data Management Tools.tbx\CalculateField" Date="20180126" Time="155612">CalculateField GIS.PLAN_ZONING_BASE_Edit CREATEDBY "STH" VB #</Process><Process ToolSource="c:\program files (x86)\arcgis\desktop10.4\ArcToolbox\Toolboxes\Data Management Tools.tbx\CalculateField" Date="20180126" Time="155643">CalculateField GIS.PLAN_ZONING_BASE_Edit CREATEDATE 1/26/2018 VB #</Process><Process ToolSource="c:\program files (x86)\arcgis\desktop10.4\ArcToolbox\Toolboxes\Data Management Tools.tbx\CalculateField" Date="20180129" Time="152608">CalculateField GIS.PLAN_ZONING_BASE_Edit STATUS "Historic" VB #</Process><Process ToolSource="c:\program files (x86)\arcgis\desktop10.4\ArcToolbox\Toolboxes\Data Management Tools.tbx\CalculateField" Date="20180129" Time="154827">CalculateField GIS.PLAN_ZONING_BASE_Edit STATUS "Historic" VB #</Process><Process ToolSource="c:\program files (x86)\arcgis\desktop10.4\ArcToolbox\Toolboxes\Data Management Tools.tbx\CalculateField" Date="20180201" Time="094648">CalculateField GIS.PLAN_ZONING_BASE_Edit STATUS "Historic" VB #</Process><Process ToolSource="c:\program files (x86)\arcgis\desktop10.4\ArcToolbox\Toolboxes\Data Management Tools.tbx\CalculateField" Date="20180201" Time="094724">CalculateField GIS.PLAN_ZONING_BASE_Edit STATUS "Historic" VB #</Process></lineage></DataProperties><SyncDate>20170203</SyncDate><SyncTime>16135700</SyncTime><ModDate>20170203</ModDate><ModTime>16155700</ModTime><CreaDate>20180202</CreaDate><CreaTime>09342300</CreaTime><ArcGISFormat>1.0</ArcGISFormat><SyncOnce>FALSE</SyncOnce><scaleRange><minScale>150000000</minScale><maxScale>5000</maxScale></scaleRange><ArcGISProfile>FGDC</ArcGISProfile></Esri></metadata>
